year,region,body_type,fuel_type,count
2023,England,Cars,BEV,826955
2023,England,Cars,DIESEL,8902389
2023,England,Cars,GAS,22614
2023,England,Cars,HEV_DIESEL,80770
2023,England,Cars,HEV_PETROL,1370846
2023,England,Cars,HYDROGEN,116
2023,England,Cars,OTHER,234
2023,England,Cars,PETROL,16037739
2023,England,Cars,PHEV_DIESEL,9765
2023,England,Cars,PHEV_PETROL,461853
2023,England,Cars,REEV,8624
2023,England,Heavy goods vehicles,BEV,662
2023,England,Heavy goods vehicles,DIESEL,424529
2023,England,Heavy goods vehicles,GAS,2565
2023,England,Heavy goods vehicles,HEV_DIESEL,1
2023,England,Heavy goods vehicles,HYDROGEN,1
2023,England,Heavy goods vehicles,OTHER,39
2023,England,Heavy goods vehicles,PETROL,1456
2023,England,Light goods vehicles,BEV,59783
2023,England,Light goods vehicles,DIESEL,3681531
2023,England,Light goods vehicles,GAS,3223
2023,England,Light goods vehicles,HEV_DIESEL,2151
2023,England,Light goods vehicles,HEV_PETROL,1483
2023,England,Light goods vehicles,HYDROGEN,4
2023,England,Light goods vehicles,OTHER,417
2023,England,Light goods vehicles,PETROL,126157
2023,England,Light goods vehicles,PHEV_PETROL,864
2023,England,Light goods vehicles,REEV,1748
2023,England,Motorcycles,BEV,12981
2023,England,Motorcycles,DIESEL,568
2023,England,Motorcycles,GAS,64
2023,England,Motorcycles,OTHER,5
2023,England,Motorcycles,PETROL,1153165
2023,England,Motorcycles,PHEV_PETROL,1
2023,Northern Ireland,Cars,BEV,14073
2023,Northern Ireland,Cars,DIESEL,561032
2023,Northern Ireland,Cars,GAS,596
2023,Northern Ireland,Cars,HEV_DIESEL,3994
2023,Northern Ireland,Cars,HEV_PETROL,35458
2023,Northern Ireland,Cars,HYDROGEN,1
2023,Northern Ireland,Cars,OTHER,5
2023,Northern Ireland,Cars,PETROL,410951
2023,Northern Ireland,Cars,PHEV_DIESEL,121
2023,Northern Ireland,Cars,PHEV_PETROL,7568
2023,Northern Ireland,Cars,REEV,135
2023,Northern Ireland,Heavy goods vehicles,BEV,2
2023,Northern Ireland,Heavy goods vehicles,DIESEL,24681
2023,Northern Ireland,Heavy goods vehicles,GAS,35
2023,Northern Ireland,Heavy goods vehicles,PETROL,34
2023,Northern Ireland,Light goods vehicles,BEV,694
2023,Northern Ireland,Light goods vehicles,DIESEL,140384
2023,Northern Ireland,Light goods vehicles,GAS,29
2023,Northern Ireland,Light goods vehicles,HEV_DIESEL,17
2023,Northern Ireland,Light goods vehicles,HEV_PETROL,21
2023,Northern Ireland,Light goods vehicles,OTHER,1
2023,Northern Ireland,Light goods vehicles,PETROL,1478
2023,Northern Ireland,Light goods vehicles,PHEV_PETROL,3
2023,Northern Ireland,Light goods vehicles,REEV,13
2023,Northern Ireland,Motorcycles,BEV,67
2023,Northern Ireland,Motorcycles,DIESEL,9
2023,Northern Ireland,Motorcycles,PETROL,26311
2023,Scotland,Cars,BEV,55660
2023,Scotland,Cars,DIESEL,877427
2023,Scotland,Cars,GAS,1975
2023,Scotland,Cars,HEV_DIESEL,9326
2023,Scotland,Cars,HEV_PETROL,114335
2023,Scotland,Cars,HYDROGEN,1
2023,Scotland,Cars,OTHER,16
2023,Scotland,Cars,PETROL,1476854
2023,Scotland,Cars,PHEV_DIESEL,562
2023,Scotland,Cars,PHEV_PETROL,29887
2023,Scotland,Cars,REEV,451
2023,Scotland,Heavy goods vehicles,BEV,29
2023,Scotland,Heavy goods vehicles,DIESEL,33857
2023,Scotland,Heavy goods vehicles,GAS,89
2023,Scotland,Heavy goods vehicles,OTHER,3
2023,Scotland,Heavy goods vehicles,PETROL,58
2023,Scotland,Light goods vehicles,BEV,2840
2023,Scotland,Light goods vehicles,DIESEL,336615
2023,Scotland,Light goods vehicles,GAS,173
2023,Scotland,Light goods vehicles,HEV_DIESEL,28
2023,Scotland,Light goods vehicles,HEV_PETROL,90
2023,Scotland,Light goods vehicles,OTHER,24
2023,Scotland,Light goods vehicles,PETROL,7731
2023,Scotland,Light goods vehicles,PHEV_PETROL,71
2023,Scotland,Light goods vehicles,REEV,52
2023,Scotland,Motorcycles,BEV,636
2023,Scotland,Motorcycles,DIESEL,42
2023,Scotland,Motorcycles,GAS,2
2023,Scotland,Motorcycles,OTHER,1
2023,Scotland,Motorcycles,PETROL,77019
2023,Wales,Cars,BEV,19745
2023,Wales,Cars,DIESEL,650862
2023,Wales,Cars,GAS,1922
2023,Wales,Cars,HEV_DIESEL,3173
2023,Wales,Cars,HEV_PETROL,56108
2023,Wales,Cars,HYDROGEN,5
2023,Wales,Cars,OTHER,4
2023,Wales,Cars,PETROL,876141
2023,Wales,Cars,PHEV_DIESEL,195
2023,Wales,Cars,PHEV_PETROL,10545
2023,Wales,Cars,REEV,316
2023,Wales,Heavy goods vehicles,BEV,36
2023,Wales,Heavy goods vehicles,DIESEL,23396
2023,Wales,Heavy goods vehicles,GAS,29
2023,Wales,Heavy goods vehicles,OTHER,1
2023,Wales,Heavy goods vehicles,PETROL,61
2023,Wales,Light goods vehicles,BEV,1540
2023,Wales,Light goods vehicles,DIESEL,251267
2023,Wales,Light goods vehicles,GAS,184
2023,Wales,Light goods vehicles,HEV_DIESEL,131
2023,Wales,Light goods vehicles,HEV_PETROL,24
2023,Wales,Light goods vehicles,OTHER,15
2023,Wales,Light goods vehicles,PETROL,6383
2023,Wales,Light goods vehicles,PHEV_PETROL,45
2023,Wales,Light goods vehicles,REEV,51
2023,Wales,Motorcycles,BEV,420
2023,Wales,Motorcycles,DIESEL,38
2023,Wales,Motorcycles,GAS,5
2023,Wales,Motorcycles,OTHER,1
2023,Wales,Motorcycles,PETROL,67729
2024,England,Cars,BEV,1140809
2024,England,Cars,DIESEL,8467084
2024,England,Cars,GAS,21328
2024,England,Cars,HEV_DIESEL,90564
2024,England,Cars,HEV_PETROL,1810686
2024,England,Cars,HYDROGEN,93
2024,England,Cars,OTHER,212
2024,England,Cars,PETROL,15913718
2024,England,Cars,PHEV_DIESEL,9173
2024,England,Cars,PHEV_PETROL,589566
2024,England,Cars,REEV,8516
2024,England,Heavy goods vehicles,BEV,883
2024,England,Heavy goods vehicles,DIESEL,423270
2024,England,Heavy goods vehicles,GAS,3061
2024,England,Heavy goods vehicles,HEV_DIESEL,1
2024,England,Heavy goods vehicles,OTHER,43
2024,England,Heavy goods vehicles,PETROL,1366
2024,England,Light goods vehicles,BEV,77962
2024,England,Light goods vehicles,DIESEL,3715231
2024,England,Light goods vehicles,GAS,2952
2024,England,Light goods vehicles,HEV_DIESEL,2208
2024,England,Light goods vehicles,HEV_PETROL,3283
2024,England,Light goods vehicles,HYDROGEN,2
2024,England,Light goods vehicles,OTHER,455
2024,England,Light goods vehicles,PETROL,129565
2024,England,Light goods vehicles,PHEV_PETROL,2438
2024,England,Light goods vehicles,REEV,1655
2024,England,Motorcycles,BEV,12818
2024,England,Motorcycles,DIESEL,526
2024,England,Motorcycles,GAS,56
2024,England,Motorcycles,OTHER,5
2024,England,Motorcycles,PETROL,1153634
2024,England,Motorcycles,PHEV_PETROL,1
2024,Northern Ireland,Cars,BEV,20777
2024,Northern Ireland,Cars,DIESEL,551862
2024,Northern Ireland,Cars,GAS,633
2024,Northern Ireland,Cars,HEV_DIESEL,5477
2024,Northern Ireland,Cars,HEV_PETROL,49919
2024,Northern Ireland,Cars,HYDROGEN,1
2024,Northern Ireland,Cars,OTHER,6
2024,Northern Ireland,Cars,PETROL,412242
2024,Northern Ireland,Cars,PHEV_DIESEL,140
2024,Northern Ireland,Cars,PHEV_PETROL,10606
2024,Northern Ireland,Cars,REEV,127
2024,Northern Ireland,Heavy goods vehicles,BEV,5
2024,Northern Ireland,Heavy goods vehicles,DIESEL,25116
2024,Northern Ireland,Heavy goods vehicles,GAS,42
2024,Northern Ireland,Heavy goods vehicles,PETROL,31
2024,Northern Ireland,Light goods vehicles,BEV,923
2024,Northern Ireland,Light goods vehicles,DIESEL,144962
2024,Northern Ireland,Light goods vehicles,GAS,30
2024,Northern Ireland,Light goods vehicles,HEV_DIESEL,18
2024,Northern Ireland,Light goods vehicles,HEV_PETROL,44
2024,Northern Ireland,Light goods vehicles,OTHER,3
2024,Northern Ireland,Light goods vehicles,PETROL,1619
2024,Northern Ireland,Light goods vehicles,PHEV_PETROL,14
2024,Northern Ireland,Light goods vehicles,REEV,10
2024,Northern Ireland,Motorcycles,BEV,75
2024,Northern Ireland,Motorcycles,DIESEL,9
2024,Northern Ireland,Motorcycles,PETROL,26219
2024,Scotland,Cars,BEV,75625
2024,Scotland,Cars,DIESEL,811602
2024,Scotland,Cars,GAS,2194
2024,Scotland,Cars,HEV_DIESEL,11338
2024,Scotland,Cars,HEV_PETROL,165226
2024,Scotland,Cars,HYDROGEN,3
2024,Scotland,Cars,OTHER,11
2024,Scotland,Cars,PETROL,1489931
2024,Scotland,Cars,PHEV_DIESEL,567
2024,Scotland,Cars,PHEV_PETROL,39233
2024,Scotland,Cars,REEV,442
2024,Scotland,Heavy goods vehicles,BEV,38
2024,Scotland,Heavy goods vehicles,DIESEL,33781
2024,Scotland,Heavy goods vehicles,GAS,77
2024,Scotland,Heavy goods vehicles,OTHER,3
2024,Scotland,Heavy goods vehicles,PETROL,61
2024,Scotland,Light goods vehicles,BEV,3719
2024,Scotland,Light goods vehicles,DIESEL,345226
2024,Scotland,Light goods vehicles,GAS,143
2024,Scotland,Light goods vehicles,HEV_DIESEL,41
2024,Scotland,Light goods vehicles,HEV_PETROL,195
2024,Scotland,Light goods vehicles,OTHER,21
2024,Scotland,Light goods vehicles,PETROL,8439
2024,Scotland,Light goods vehicles,PHEV_PETROL,154
2024,Scotland,Light goods vehicles,REEV,50
2024,Scotland,Motorcycles,BEV,685
2024,Scotland,Motorcycles,DIESEL,40
2024,Scotland,Motorcycles,GAS,2
2024,Scotland,Motorcycles,OTHER,1
2024,Scotland,Motorcycles,PETROL,77653
2024,Wales,Cars,BEV,29397
2024,Wales,Cars,DIESEL,628767
2024,Wales,Cars,GAS,1951
2024,Wales,Cars,HEV_DIESEL,3943
2024,Wales,Cars,HEV_PETROL,79880
2024,Wales,Cars,HYDROGEN,4
2024,Wales,Cars,OTHER,3
2024,Wales,Cars,PETROL,879729
2024,Wales,Cars,PHEV_DIESEL,232
2024,Wales,Cars,PHEV_PETROL,14499
2024,Wales,Cars,REEV,299
2024,Wales,Heavy goods vehicles,BEV,55
2024,Wales,Heavy goods vehicles,DIESEL,23396
2024,Wales,Heavy goods vehicles,GAS,37
2024,Wales,Heavy goods vehicles,OTHER,1
2024,Wales,Heavy goods vehicles,PETROL,54
2024,Wales,Light goods vehicles,BEV,2139
2024,Wales,Light goods vehicles,DIESEL,257800
2024,Wales,Light goods vehicles,GAS,163
2024,Wales,Light goods vehicles,HEV_DIESEL,138
2024,Wales,Light goods vehicles,HEV_PETROL,83
2024,Wales,Light goods vehicles,OTHER,16
2024,Wales,Light goods vehicles,PETROL,6573
2024,Wales,Light goods vehicles,PHEV_PETROL,85
2024,Wales,Light goods vehicles,REEV,56
2024,Wales,Motorcycles,BEV,433
2024,Wales,Motorcycles,DIESEL,35
2024,Wales,Motorcycles,GAS,6
2024,Wales,Motorcycles,OTHER,1
2024,Wales,Motorcycles,PETROL,68346
2025,England,Cars,BEV,1534048
2025,England,Cars,DIESEL,8048277
2025,England,Cars,GAS,20171
2025,England,Cars,HEV_DIESEL,93584
2025,England,Cars,HEV_PETROL,2316675
2025,England,Cars,HYDROGEN,97
2025,England,Cars,OTHER,191
2025,England,Cars,PETROL,15707531
2025,England,Cars,PHEV_DIESEL,8956
2025,England,Cars,PHEV_PETROL,762692
2025,England,Cars,REEV,8447
2025,England,Heavy goods vehicles,BEV,1348
2025,England,Heavy goods vehicles,DIESEL,425771
2025,England,Heavy goods vehicles,GAS,3657
2025,England,Heavy goods vehicles,HEV_DIESEL,1
2025,England,Heavy goods vehicles,OTHER,44
2025,England,Heavy goods vehicles,PETROL,1307
2025,England,Light goods vehicles,BEV,102557
2025,England,Light goods vehicles,DIESEL,3743472
2025,England,Light goods vehicles,GAS,2728
2025,England,Light goods vehicles,HEV_DIESEL,2186
2025,England,Light goods vehicles,HEV_PETROL,8512
2025,England,Light goods vehicles,HYDROGEN,3
2025,England,Light goods vehicles,OTHER,477
2025,England,Light goods vehicles,PETROL,132178
2025,England,Light goods vehicles,PHEV_PETROL,10799
2025,England,Light goods vehicles,REEV,1645
2025,England,Motorcycles,BEV,12288
2025,England,Motorcycles,DIESEL,493
2025,England,Motorcycles,GAS,49
2025,England,Motorcycles,HEV_PETROL,1
2025,England,Motorcycles,OTHER,5
2025,England,Motorcycles,PETROL,1157816
2025,England,Motorcycles,PHEV_PETROL,1
2025,Northern Ireland,Cars,BEV,28575
2025,Northern Ireland,Cars,DIESEL,544638
2025,Northern Ireland,Cars,GAS,602
2025,Northern Ireland,Cars,HEV_DIESEL,6953
2025,Northern Ireland,Cars,HEV_PETROL,66227
2025,Northern Ireland,Cars,HYDROGEN,1
2025,Northern Ireland,Cars,OTHER,6
2025,Northern Ireland,Cars,PETROL,415693
2025,Northern Ireland,Cars,PHEV_DIESEL,162
2025,Northern Ireland,Cars,PHEV_PETROL,14315
2025,Northern Ireland,Cars,REEV,127
2025,Northern Ireland,Heavy goods vehicles,BEV,6
2025,Northern Ireland,Heavy goods vehicles,DIESEL,25451
2025,Northern Ireland,Heavy goods vehicles,GAS,44
2025,Northern Ireland,Heavy goods vehicles,PETROL,21
2025,Northern Ireland,Light goods vehicles,BEV,1257
2025,Northern Ireland,Light goods vehicles,DIESEL,151398
2025,Northern Ireland,Light goods vehicles,GAS,25
2025,Northern Ireland,Light goods vehicles,HEV_DIESEL,22
2025,Northern Ireland,Light goods vehicles,HEV_PETROL,443
2025,Northern Ireland,Light goods vehicles,OTHER,4
2025,Northern Ireland,Light goods vehicles,PETROL,1766
2025,Northern Ireland,Light goods vehicles,PHEV_PETROL,123
2025,Northern Ireland,Light goods vehicles,REEV,11
2025,Northern Ireland,Motorcycles,BEV,79
2025,Northern Ireland,Motorcycles,DIESEL,12
2025,Northern Ireland,Motorcycles,PETROL,27072
2025,Scotland,Cars,BEV,102795
2025,Scotland,Cars,DIESEL,742727
2025,Scotland,Cars,GAS,2147
2025,Scotland,Cars,HEV_DIESEL,11924
2025,Scotland,Cars,HEV_PETROL,220818
2025,Scotland,Cars,HYDROGEN,2
2025,Scotland,Cars,OTHER,10
2025,Scotland,Cars,PETROL,1485793
2025,Scotland,Cars,PHEV_DIESEL,578
2025,Scotland,Cars,PHEV_PETROL,54783
2025,Scotland,Cars,REEV,429
2025,Scotland,Heavy goods vehicles,BEV,46
2025,Scotland,Heavy goods vehicles,DIESEL,33318
2025,Scotland,Heavy goods vehicles,GAS,82
2025,Scotland,Heavy goods vehicles,OTHER,3
2025,Scotland,Heavy goods vehicles,PETROL,59
2025,Scotland,Light goods vehicles,BEV,4943
2025,Scotland,Light goods vehicles,DIESEL,354152
2025,Scotland,Light goods vehicles,GAS,136
2025,Scotland,Light goods vehicles,HEV_DIESEL,44
2025,Scotland,Light goods vehicles,HEV_PETROL,999
2025,Scotland,Light goods vehicles,OTHER,26
2025,Scotland,Light goods vehicles,PETROL,9051
2025,Scotland,Light goods vehicles,PHEV_PETROL,656
2025,Scotland,Light goods vehicles,REEV,58
2025,Scotland,Motorcycles,BEV,630
2025,Scotland,Motorcycles,DIESEL,41
2025,Scotland,Motorcycles,GAS,1
2025,Scotland,Motorcycles,OTHER,1
2025,Scotland,Motorcycles,PETROL,78829
2025,Wales,Cars,BEV,42470
2025,Wales,Cars,DIESEL,602977
2025,Wales,Cars,GAS,1861
2025,Wales,Cars,HEV_DIESEL,4385
2025,Wales,Cars,HEV_PETROL,106835
2025,Wales,Cars,HYDROGEN,5
2025,Wales,Cars,OTHER,3
2025,Wales,Cars,PETROL,879731
2025,Wales,Cars,PHEV_DIESEL,271
2025,Wales,Cars,PHEV_PETROL,21029
2025,Wales,Cars,REEV,304
2025,Wales,Heavy goods vehicles,BEV,72
2025,Wales,Heavy goods vehicles,DIESEL,22681
2025,Wales,Heavy goods vehicles,GAS,34
2025,Wales,Heavy goods vehicles,OTHER,1
2025,Wales,Heavy goods vehicles,PETROL,55
2025,Wales,Light goods vehicles,BEV,3062
2025,Wales,Light goods vehicles,DIESEL,264844
2025,Wales,Light goods vehicles,GAS,149
2025,Wales,Light goods vehicles,HEV_DIESEL,144
2025,Wales,Light goods vehicles,HEV_PETROL,490
2025,Wales,Light goods vehicles,OTHER,14
2025,Wales,Light goods vehicles,PETROL,6856
2025,Wales,Light goods vehicles,PHEV_PETROL,401
2025,Wales,Light goods vehicles,REEV,66
2025,Wales,Motorcycles,BEV,423
2025,Wales,Motorcycles,DIESEL,34
2025,Wales,Motorcycles,GAS,5
2025,Wales,Motorcycles,OTHER,1
2025,Wales,Motorcycles,PETROL,68874
