year,quarter,region,body_type,fuel_type,count
2023,1,England,Cars,BEV,68881
2023,1,England,Cars,DIESEL,29287
2023,1,England,Cars,GAS,494
2023,1,England,Cars,HEV_DIESEL,4891
2023,1,England,Cars,HEV_PETROL,88091
2023,1,England,Cars,HYDROGEN,24
2023,1,England,Cars,PETROL,211054
2023,1,England,Cars,PHEV_DIESEL,59
2023,1,England,Cars,PHEV_PETROL,28413
2023,1,England,Cars,REEV,7
2023,1,England,Heavy goods vehicles,BEV,41
2023,1,England,Heavy goods vehicles,DIESEL,10327
2023,1,England,Heavy goods vehicles,GAS,234
2023,1,England,Heavy goods vehicles,PETROL,9
2023,1,England,Light goods vehicles,BEV,4366
2023,1,England,Light goods vehicles,DIESEL,69701
2023,1,England,Light goods vehicles,GAS,1
2023,1,England,Light goods vehicles,HEV_DIESEL,211
2023,1,England,Light goods vehicles,HEV_PETROL,310
2023,1,England,Light goods vehicles,OTHER,2
2023,1,England,Light goods vehicles,PETROL,1506
2023,1,England,Light goods vehicles,PHEV_PETROL,1
2023,1,England,Light goods vehicles,REEV,54
2023,1,England,Motorcycles,BEV,685
2023,1,England,Motorcycles,DIESEL,10
2023,1,England,Motorcycles,PETROL,25539
2023,1,Northern Ireland,Cars,BEV,1364
2023,1,Northern Ireland,Cars,DIESEL,1457
2023,1,Northern Ireland,Cars,GAS,31
2023,1,Northern Ireland,Cars,HEV_DIESEL,199
2023,1,Northern Ireland,Cars,HEV_PETROL,3001
2023,1,Northern Ireland,Cars,OTHER,1
2023,1,Northern Ireland,Cars,PETROL,6970
2023,1,Northern Ireland,Cars,PHEV_DIESEL,1
2023,1,Northern Ireland,Cars,PHEV_PETROL,564
2023,1,Northern Ireland,Heavy goods vehicles,BEV,1
2023,1,Northern Ireland,Heavy goods vehicles,DIESEL,358
2023,1,Northern Ireland,Light goods vehicles,BEV,85
2023,1,Northern Ireland,Light goods vehicles,DIESEL,2131
2023,1,Northern Ireland,Light goods vehicles,HEV_DIESEL,1
2023,1,Northern Ireland,Light goods vehicles,HEV_PETROL,7
2023,1,Northern Ireland,Light goods vehicles,PETROL,23
2023,1,Northern Ireland,Motorcycles,BEV,4
2023,1,Northern Ireland,Motorcycles,PETROL,593
2023,1,Scotland,Cars,BEV,4450
2023,1,Scotland,Cars,DIESEL,3008
2023,1,Scotland,Cars,GAS,124
2023,1,Scotland,Cars,HEV_DIESEL,490
2023,1,Scotland,Cars,HEV_PETROL,8213
2023,1,Scotland,Cars,PETROL,22389
2023,1,Scotland,Cars,PHEV_DIESEL,3
2023,1,Scotland,Cars,PHEV_PETROL,1943
2023,1,Scotland,Heavy goods vehicles,BEV,1
2023,1,Scotland,Heavy goods vehicles,DIESEL,795
2023,1,Scotland,Heavy goods vehicles,GAS,3
2023,1,Scotland,Light goods vehicles,BEV,296
2023,1,Scotland,Light goods vehicles,DIESEL,5541
2023,1,Scotland,Light goods vehicles,HEV_DIESEL,2
2023,1,Scotland,Light goods vehicles,HEV_PETROL,15
2023,1,Scotland,Light goods vehicles,PETROL,164
2023,1,Scotland,Motorcycles,BEV,32
2023,1,Scotland,Motorcycles,PETROL,1579
2023,1,Wales,Cars,BEV,1427
2023,1,Wales,Cars,DIESEL,1207
2023,1,Wales,Cars,GAS,81
2023,1,Wales,Cars,HEV_DIESEL,162
2023,1,Wales,Cars,HEV_PETROL,3798
2023,1,Wales,Cars,HYDROGEN,1
2023,1,Wales,Cars,PETROL,10301
2023,1,Wales,Cars,PHEV_DIESEL,2
2023,1,Wales,Cars,PHEV_PETROL,592
2023,1,Wales,Heavy goods vehicles,BEV,3
2023,1,Wales,Heavy goods vehicles,DIESEL,375
2023,1,Wales,Heavy goods vehicles,PETROL,2
2023,1,Wales,Light goods vehicles,BEV,149
2023,1,Wales,Light goods vehicles,DIESEL,5314
2023,1,Wales,Light goods vehicles,HEV_DIESEL,30
2023,1,Wales,Light goods vehicles,HEV_PETROL,6
2023,1,Wales,Light goods vehicles,PETROL,94
2023,1,Wales,Light goods vehicles,REEV,4
2023,1,Wales,Motorcycles,BEV,29
2023,1,Wales,Motorcycles,DIESEL,1
2023,1,Wales,Motorcycles,PETROL,1642
2023,2,England,Cars,BEV,69241
2023,2,England,Cars,DIESEL,26713
2023,2,England,Cars,GAS,231
2023,2,England,Cars,HEV_DIESEL,3906
2023,2,England,Cars,HEV_PETROL,83671
2023,2,England,Cars,HYDROGEN,1
2023,2,England,Cars,PETROL,183068
2023,2,England,Cars,PHEV_DIESEL,112
2023,2,England,Cars,PHEV_PETROL,27492
2023,2,England,Cars,REEV,1
2023,2,England,Heavy goods vehicles,BEV,57
2023,2,England,Heavy goods vehicles,DIESEL,9823
2023,2,England,Heavy goods vehicles,GAS,324
2023,2,England,Heavy goods vehicles,PETROL,5
2023,2,England,Light goods vehicles,BEV,4288
2023,2,England,Light goods vehicles,DIESEL,67023
2023,2,England,Light goods vehicles,GAS,2
2023,2,England,Light goods vehicles,HEV_DIESEL,240
2023,2,England,Light goods vehicles,HEV_PETROL,95
2023,2,England,Light goods vehicles,OTHER,6
2023,2,England,Light goods vehicles,PETROL,1897
2023,2,England,Light goods vehicles,PHEV_PETROL,3
2023,2,England,Light goods vehicles,REEV,39
2023,2,England,Motorcycles,BEV,1029
2023,2,England,Motorcycles,DIESEL,3
2023,2,England,Motorcycles,PETROL,29456
2023,2,Northern Ireland,Cars,BEV,1561
2023,2,Northern Ireland,Cars,DIESEL,1007
2023,2,Northern Ireland,Cars,GAS,12
2023,2,Northern Ireland,Cars,HEV_DIESEL,156
2023,2,Northern Ireland,Cars,HEV_PETROL,2621
2023,2,Northern Ireland,Cars,PETROL,5901
2023,2,Northern Ireland,Cars,PHEV_PETROL,438
2023,2,Northern Ireland,Heavy goods vehicles,DIESEL,347
2023,2,Northern Ireland,Heavy goods vehicles,GAS,3
2023,2,Northern Ireland,Light goods vehicles,BEV,36
2023,2,Northern Ireland,Light goods vehicles,DIESEL,1650
2023,2,Northern Ireland,Light goods vehicles,PETROL,46
2023,2,Northern Ireland,Motorcycles,BEV,4
2023,2,Northern Ireland,Motorcycles,PETROL,632
2023,2,Scotland,Cars,BEV,4358
2023,2,Scotland,Cars,DIESEL,2923
2023,2,Scotland,Cars,GAS,56
2023,2,Scotland,Cars,HEV_DIESEL,409
2023,2,Scotland,Cars,HEV_PETROL,8261
2023,2,Scotland,Cars,PETROL,24071
2023,2,Scotland,Cars,PHEV_DIESEL,7
2023,2,Scotland,Cars,PHEV_PETROL,1777
2023,2,Scotland,Heavy goods vehicles,BEV,11
2023,2,Scotland,Heavy goods vehicles,DIESEL,879
2023,2,Scotland,Heavy goods vehicles,GAS,5
2023,2,Scotland,Light goods vehicles,BEV,223
2023,2,Scotland,Light goods vehicles,DIESEL,5042
2023,2,Scotland,Light goods vehicles,HEV_DIESEL,1
2023,2,Scotland,Light goods vehicles,HEV_PETROL,12
2023,2,Scotland,Light goods vehicles,PETROL,179
2023,2,Scotland,Light goods vehicles,REEV,5
2023,2,Scotland,Motorcycles,BEV,43
2023,2,Scotland,Motorcycles,DIESEL,1
2023,2,Scotland,Motorcycles,PETROL,2344
2023,2,Wales,Cars,BEV,1526
2023,2,Wales,Cars,DIESEL,1118
2023,2,Wales,Cars,GAS,46
2023,2,Wales,Cars,HEV_DIESEL,151
2023,2,Wales,Cars,HEV_PETROL,3683
2023,2,Wales,Cars,PETROL,9324
2023,2,Wales,Cars,PHEV_DIESEL,1
2023,2,Wales,Cars,PHEV_PETROL,540
2023,2,Wales,Heavy goods vehicles,BEV,1
2023,2,Wales,Heavy goods vehicles,DIESEL,331
2023,2,Wales,Light goods vehicles,BEV,116
2023,2,Wales,Light goods vehicles,DIESEL,4187
2023,2,Wales,Light goods vehicles,HEV_DIESEL,11
2023,2,Wales,Light goods vehicles,HEV_PETROL,1
2023,2,Wales,Light goods vehicles,PETROL,95
2023,2,Wales,Motorcycles,BEV,55
2023,2,Wales,Motorcycles,PETROL,1973
2023,3,England,Cars,BEV,78260
2023,3,England,Cars,DIESEL,26456
2023,3,England,Cars,GAS,484
2023,3,England,Cars,HEV_DIESEL,4160
2023,3,England,Cars,HEV_PETROL,110324
2023,3,England,Cars,OTHER,1
2023,3,England,Cars,PETROL,188197
2023,3,England,Cars,PHEV_DIESEL,181
2023,3,England,Cars,PHEV_PETROL,33184
2023,3,England,Cars,REEV,2
2023,3,England,Heavy goods vehicles,BEV,115
2023,3,England,Heavy goods vehicles,DIESEL,10539
2023,3,England,Heavy goods vehicles,GAS,111
2023,3,England,Heavy goods vehicles,PETROL,7
2023,3,England,Light goods vehicles,BEV,5736
2023,3,England,Light goods vehicles,DIESEL,70842
2023,3,England,Light goods vehicles,GAS,3
2023,3,England,Light goods vehicles,HEV_DIESEL,192
2023,3,England,Light goods vehicles,HEV_PETROL,267
2023,3,England,Light goods vehicles,OTHER,3
2023,3,England,Light goods vehicles,PETROL,2274
2023,3,England,Light goods vehicles,REEV,7
2023,3,England,Motorcycles,BEV,980
2023,3,England,Motorcycles,DIESEL,4
2023,3,England,Motorcycles,GAS,9
2023,3,England,Motorcycles,PETROL,28008
2023,3,Northern Ireland,Cars,BEV,1308
2023,3,Northern Ireland,Cars,DIESEL,906
2023,3,Northern Ireland,Cars,GAS,24
2023,3,Northern Ireland,Cars,HEV_DIESEL,134
2023,3,Northern Ireland,Cars,HEV_PETROL,3067
2023,3,Northern Ireland,Cars,PETROL,5484
2023,3,Northern Ireland,Cars,PHEV_DIESEL,2
2023,3,Northern Ireland,Cars,PHEV_PETROL,564
2023,3,Northern Ireland,Heavy goods vehicles,DIESEL,383
2023,3,Northern Ireland,Light goods vehicles,BEV,51
2023,3,Northern Ireland,Light goods vehicles,DIESEL,1602
2023,3,Northern Ireland,Light goods vehicles,HEV_PETROL,4
2023,3,Northern Ireland,Light goods vehicles,PETROL,62
2023,3,Northern Ireland,Motorcycles,BEV,7
2023,3,Northern Ireland,Motorcycles,PETROL,601
2023,3,Scotland,Cars,BEV,4477
2023,3,Scotland,Cars,DIESEL,3005
2023,3,Scotland,Cars,GAS,139
2023,3,Scotland,Cars,HEV_DIESEL,365
2023,3,Scotland,Cars,HEV_PETROL,10447
2023,3,Scotland,Cars,PETROL,23189
2023,3,Scotland,Cars,PHEV_DIESEL,7
2023,3,Scotland,Cars,PHEV_PETROL,2245
2023,3,Scotland,Heavy goods vehicles,BEV,2
2023,3,Scotland,Heavy goods vehicles,DIESEL,815
2023,3,Scotland,Heavy goods vehicles,GAS,11
2023,3,Scotland,Light goods vehicles,BEV,192
2023,3,Scotland,Light goods vehicles,DIESEL,5221
2023,3,Scotland,Light goods vehicles,HEV_PETROL,13
2023,3,Scotland,Light goods vehicles,OTHER,1
2023,3,Scotland,Light goods vehicles,PETROL,227
2023,3,Scotland,Light goods vehicles,REEV,1
2023,3,Scotland,Motorcycles,BEV,58
2023,3,Scotland,Motorcycles,DIESEL,1
2023,3,Scotland,Motorcycles,PETROL,1950
2023,3,Wales,Cars,BEV,1511
2023,3,Wales,Cars,DIESEL,1160
2023,3,Wales,Cars,GAS,88
2023,3,Wales,Cars,HEV_DIESEL,113
2023,3,Wales,Cars,HEV_PETROL,5121
2023,3,Wales,Cars,PETROL,9581
2023,3,Wales,Cars,PHEV_PETROL,631
2023,3,Wales,Heavy goods vehicles,BEV,2
2023,3,Wales,Heavy goods vehicles,DIESEL,332
2023,3,Wales,Heavy goods vehicles,GAS,6
2023,3,Wales,Light goods vehicles,BEV,96
2023,3,Wales,Light goods vehicles,DIESEL,4028
2023,3,Wales,Light goods vehicles,HEV_PETROL,2
2023,3,Wales,Light goods vehicles,PETROL,135
2023,3,Wales,Motorcycles,BEV,48
2023,3,Wales,Motorcycles,PETROL,1873
2023,4,England,Cars,BEV,70244
2023,4,England,Cars,DIESEL,23767
2023,4,England,Cars,GAS,713
2023,4,England,Cars,HEV_DIESEL,3601
2023,4,England,Cars,HEV_PETROL,97487
2023,4,England,Cars,OTHER,1
2023,4,England,Cars,PETROL,165981
2023,4,England,Cars,PHEV_DIESEL,169
2023,4,England,Cars,PHEV_PETROL,38518
2023,4,England,Heavy goods vehicles,BEV,58
2023,4,England,Heavy goods vehicles,DIESEL,10789
2023,4,England,Heavy goods vehicles,GAS,144
2023,4,England,Heavy goods vehicles,PETROL,6
2023,4,England,Light goods vehicles,BEV,5752
2023,4,England,Light goods vehicles,DIESEL,67398
2023,4,England,Light goods vehicles,HEV_DIESEL,146
2023,4,England,Light goods vehicles,HEV_PETROL,350
2023,4,England,Light goods vehicles,OTHER,4
2023,4,England,Light goods vehicles,PETROL,1910
2023,4,England,Light goods vehicles,PHEV_PETROL,2
2023,4,England,Light goods vehicles,REEV,1
2023,4,England,Motorcycles,BEV,864
2023,4,England,Motorcycles,DIESEL,4
2023,4,England,Motorcycles,PETROL,18155
2023,4,Northern Ireland,Cars,BEV,1048
2023,4,Northern Ireland,Cars,DIESEL,641
2023,4,Northern Ireland,Cars,GAS,27
2023,4,Northern Ireland,Cars,HEV_DIESEL,87
2023,4,Northern Ireland,Cars,HEV_PETROL,2453
2023,4,Northern Ireland,Cars,PETROL,4482
2023,4,Northern Ireland,Cars,PHEV_PETROL,584
2023,4,Northern Ireland,Heavy goods vehicles,DIESEL,271
2023,4,Northern Ireland,Heavy goods vehicles,GAS,9
2023,4,Northern Ireland,Light goods vehicles,BEV,70
2023,4,Northern Ireland,Light goods vehicles,DIESEL,1059
2023,4,Northern Ireland,Light goods vehicles,HEV_PETROL,7
2023,4,Northern Ireland,Light goods vehicles,PETROL,17
2023,4,Northern Ireland,Motorcycles,BEV,5
2023,4,Northern Ireland,Motorcycles,PETROL,266
2023,4,Scotland,Cars,BEV,3370
2023,4,Scotland,Cars,DIESEL,2498
2023,4,Scotland,Cars,GAS,117
2023,4,Scotland,Cars,HEV_DIESEL,371
2023,4,Scotland,Cars,HEV_PETROL,8811
2023,4,Scotland,Cars,PETROL,20584
2023,4,Scotland,Cars,PHEV_DIESEL,5
2023,4,Scotland,Cars,PHEV_PETROL,2249
2023,4,Scotland,Heavy goods vehicles,BEV,3
2023,4,Scotland,Heavy goods vehicles,DIESEL,758
2023,4,Scotland,Light goods vehicles,BEV,275
2023,4,Scotland,Light goods vehicles,DIESEL,4515
2023,4,Scotland,Light goods vehicles,HEV_DIESEL,1
2023,4,Scotland,Light goods vehicles,HEV_PETROL,10
2023,4,Scotland,Light goods vehicles,PETROL,198
2023,4,Scotland,Light goods vehicles,REEV,1
2023,4,Scotland,Motorcycles,BEV,60
2023,4,Scotland,Motorcycles,PETROL,972
2023,4,Wales,Cars,BEV,1171
2023,4,Wales,Cars,DIESEL,1006
2023,4,Wales,Cars,GAS,88
2023,4,Wales,Cars,HEV_DIESEL,110
2023,4,Wales,Cars,HEV_PETROL,4395
2023,4,Wales,Cars,PETROL,8148
2023,4,Wales,Cars,PHEV_DIESEL,2
2023,4,Wales,Cars,PHEV_PETROL,745
2023,4,Wales,Heavy goods vehicles,DIESEL,386
2023,4,Wales,Heavy goods vehicles,GAS,5
2023,4,Wales,Light goods vehicles,BEV,80
2023,4,Wales,Light goods vehicles,DIESEL,3347
2023,4,Wales,Light goods vehicles,HEV_PETROL,6
2023,4,Wales,Light goods vehicles,OTHER,1
2023,4,Wales,Light goods vehicles,PETROL,99
2023,4,Wales,Motorcycles,BEV,39
2023,4,Wales,Motorcycles,DIESEL,1
2023,4,Wales,Motorcycles,GAS,1
2023,4,Wales,Motorcycles,PETROL,1079
2024,1,England,Cars,BEV,76778
2024,1,England,Cars,DIESEL,27764
2024,1,England,Cars,GAS,528
2024,1,England,Cars,HEV_DIESEL,4322
2024,1,England,Cars,HEV_PETROL,131849
2024,1,England,Cars,PETROL,198279
2024,1,England,Cars,PHEV_DIESEL,58
2024,1,England,Cars,PHEV_PETROL,38646
2024,1,England,Heavy goods vehicles,BEV,54
2024,1,England,Heavy goods vehicles,DIESEL,10161
2024,1,England,Heavy goods vehicles,GAS,139
2024,1,England,Heavy goods vehicles,PETROL,7
2024,1,England,Light goods vehicles,BEV,5104
2024,1,England,Light goods vehicles,DIESEL,76396
2024,1,England,Light goods vehicles,GAS,3
2024,1,England,Light goods vehicles,HEV_DIESEL,119
2024,1,England,Light goods vehicles,HEV_PETROL,472
2024,1,England,Light goods vehicles,OTHER,8
2024,1,England,Light goods vehicles,PETROL,2124
2024,1,England,Light goods vehicles,PHEV_PETROL,2
2024,1,England,Light goods vehicles,REEV,5
2024,1,England,Motorcycles,BEV,672
2024,1,England,Motorcycles,DIESEL,1
2024,1,England,Motorcycles,PETROL,25436
2024,1,Northern Ireland,Cars,BEV,1570
2024,1,Northern Ireland,Cars,DIESEL,1179
2024,1,Northern Ireland,Cars,GAS,64
2024,1,Northern Ireland,Cars,HEV_DIESEL,153
2024,1,Northern Ireland,Cars,HEV_PETROL,4026
2024,1,Northern Ireland,Cars,PETROL,7273
2024,1,Northern Ireland,Cars,PHEV_DIESEL,3
2024,1,Northern Ireland,Cars,PHEV_PETROL,737
2024,1,Northern Ireland,Heavy goods vehicles,BEV,1
2024,1,Northern Ireland,Heavy goods vehicles,DIESEL,440
2024,1,Northern Ireland,Heavy goods vehicles,GAS,8
2024,1,Northern Ireland,Light goods vehicles,BEV,36
2024,1,Northern Ireland,Light goods vehicles,DIESEL,2392
2024,1,Northern Ireland,Light goods vehicles,GAS,1
2024,1,Northern Ireland,Light goods vehicles,HEV_PETROL,9
2024,1,Northern Ireland,Light goods vehicles,PETROL,53
2024,1,Northern Ireland,Motorcycles,BEV,8
2024,1,Northern Ireland,Motorcycles,PETROL,575
2024,1,Scotland,Cars,BEV,4309
2024,1,Scotland,Cars,DIESEL,3455
2024,1,Scotland,Cars,GAS,190
2024,1,Scotland,Cars,HEV_DIESEL,439
2024,1,Scotland,Cars,HEV_PETROL,11684
2024,1,Scotland,Cars,PETROL,23773
2024,1,Scotland,Cars,PHEV_DIESEL,4
2024,1,Scotland,Cars,PHEV_PETROL,2542
2024,1,Scotland,Heavy goods vehicles,BEV,2
2024,1,Scotland,Heavy goods vehicles,DIESEL,916
2024,1,Scotland,Heavy goods vehicles,GAS,3
2024,1,Scotland,Heavy goods vehicles,PETROL,1
2024,1,Scotland,Light goods vehicles,BEV,244
2024,1,Scotland,Light goods vehicles,DIESEL,6717
2024,1,Scotland,Light goods vehicles,HEV_PETROL,38
2024,1,Scotland,Light goods vehicles,PETROL,197
2024,1,Scotland,Motorcycles,BEV,40
2024,1,Scotland,Motorcycles,PETROL,1483
2024,1,Wales,Cars,BEV,1703
2024,1,Wales,Cars,DIESEL,1243
2024,1,Wales,Cars,GAS,128
2024,1,Wales,Cars,HEV_DIESEL,122
2024,1,Wales,Cars,HEV_PETROL,5720
2024,1,Wales,Cars,PETROL,9509
2024,1,Wales,Cars,PHEV_PETROL,719
2024,1,Wales,Heavy goods vehicles,BEV,2
2024,1,Wales,Heavy goods vehicles,DIESEL,362
2024,1,Wales,Heavy goods vehicles,GAS,2
2024,1,Wales,Light goods vehicles,BEV,227
2024,1,Wales,Light goods vehicles,DIESEL,3867
2024,1,Wales,Light goods vehicles,HEV_PETROL,17
2024,1,Wales,Light goods vehicles,PETROL,181
2024,1,Wales,Motorcycles,BEV,26
2024,1,Wales,Motorcycles,PETROL,1535
2024,2,England,Cars,BEV,75220
2024,2,England,Cars,DIESEL,20416
2024,2,England,Cars,GAS,123
2024,2,England,Cars,HEV_DIESEL,3960
2024,2,England,Cars,HEV_PETROL,111965
2024,2,England,Cars,OTHER,1
2024,2,England,Cars,PETROL,154625
2024,2,England,Cars,PHEV_DIESEL,67
2024,2,England,Cars,PHEV_PETROL,35434
2024,2,England,Heavy goods vehicles,BEV,64
2024,2,England,Heavy goods vehicles,DIESEL,10472
2024,2,England,Heavy goods vehicles,GAS,76
2024,2,England,Heavy goods vehicles,PETROL,4
2024,2,England,Light goods vehicles,BEV,3288
2024,2,England,Light goods vehicles,DIESEL,69398
2024,2,England,Light goods vehicles,GAS,1
2024,2,England,Light goods vehicles,HEV_DIESEL,29
2024,2,England,Light goods vehicles,HEV_PETROL,437
2024,2,England,Light goods vehicles,OTHER,5
2024,2,England,Light goods vehicles,PETROL,2127
2024,2,England,Light goods vehicles,PHEV_PETROL,1
2024,2,England,Motorcycles,BEV,1081
2024,2,England,Motorcycles,DIESEL,2
2024,2,England,Motorcycles,PETROL,29744
2024,2,Northern Ireland,Cars,BEV,1617
2024,2,Northern Ireland,Cars,DIESEL,873
2024,2,Northern Ireland,Cars,GAS,29
2024,2,Northern Ireland,Cars,HEV_DIESEL,133
2024,2,Northern Ireland,Cars,HEV_PETROL,3874
2024,2,Northern Ireland,Cars,PETROL,5496
2024,2,Northern Ireland,Cars,PHEV_DIESEL,2
2024,2,Northern Ireland,Cars,PHEV_PETROL,640
2024,2,Northern Ireland,Heavy goods vehicles,BEV,3
2024,2,Northern Ireland,Heavy goods vehicles,DIESEL,459
2024,2,Northern Ireland,Heavy goods vehicles,GAS,3
2024,2,Northern Ireland,Light goods vehicles,BEV,17
2024,2,Northern Ireland,Light goods vehicles,DIESEL,1461
2024,2,Northern Ireland,Light goods vehicles,HEV_PETROL,2
2024,2,Northern Ireland,Light goods vehicles,PETROL,27
2024,2,Northern Ireland,Motorcycles,BEV,4
2024,2,Northern Ireland,Motorcycles,PETROL,719
2024,2,Scotland,Cars,BEV,4525
2024,2,Scotland,Cars,DIESEL,2377
2024,2,Scotland,Cars,GAS,52
2024,2,Scotland,Cars,HEV_DIESEL,602
2024,2,Scotland,Cars,HEV_PETROL,11854
2024,2,Scotland,Cars,PETROL,19534
2024,2,Scotland,Cars,PHEV_DIESEL,17
2024,2,Scotland,Cars,PHEV_PETROL,2311
2024,2,Scotland,Heavy goods vehicles,BEV,4
2024,2,Scotland,Heavy goods vehicles,DIESEL,937
2024,2,Scotland,Light goods vehicles,BEV,197
2024,2,Scotland,Light goods vehicles,DIESEL,5602
2024,2,Scotland,Light goods vehicles,HEV_PETROL,20
2024,2,Scotland,Light goods vehicles,PETROL,160
2024,2,Scotland,Motorcycles,BEV,53
2024,2,Scotland,Motorcycles,PETROL,2228
2024,2,Wales,Cars,BEV,1476
2024,2,Wales,Cars,DIESEL,1046
2024,2,Wales,Cars,GAS,33
2024,2,Wales,Cars,HEV_DIESEL,120
2024,2,Wales,Cars,HEV_PETROL,5256
2024,2,Wales,Cars,PETROL,7994
2024,2,Wales,Cars,PHEV_PETROL,643
2024,2,Wales,Heavy goods vehicles,BEV,6
2024,2,Wales,Heavy goods vehicles,DIESEL,401
2024,2,Wales,Heavy goods vehicles,GAS,1
2024,2,Wales,Light goods vehicles,BEV,92
2024,2,Wales,Light goods vehicles,DIESEL,3075
2024,2,Wales,Light goods vehicles,HEV_PETROL,26
2024,2,Wales,Light goods vehicles,PETROL,147
2024,2,Wales,Motorcycles,BEV,36
2024,2,Wales,Motorcycles,PETROL,1862
2024,3,England,Cars,BEV,93676
2024,3,England,Cars,DIESEL,23579
2024,3,England,Cars,GAS,31
2024,3,England,Cars,HEV_DIESEL,3641
2024,3,England,Cars,HEV_PETROL,130785
2024,3,England,Cars,PETROL,151056
2024,3,England,Cars,PHEV_DIESEL,58
2024,3,England,Cars,PHEV_PETROL,40017
2024,3,England,Heavy goods vehicles,BEV,65
2024,3,England,Heavy goods vehicles,DIESEL,9846
2024,3,England,Heavy goods vehicles,GAS,29
2024,3,England,Heavy goods vehicles,PETROL,7
2024,3,England,Light goods vehicles,BEV,5037
2024,3,England,Light goods vehicles,DIESEL,72758
2024,3,England,Light goods vehicles,GAS,3
2024,3,England,Light goods vehicles,HEV_DIESEL,14
2024,3,England,Light goods vehicles,HEV_PETROL,450
2024,3,England,Light goods vehicles,OTHER,3
2024,3,England,Light goods vehicles,PETROL,1962
2024,3,England,Light goods vehicles,PHEV_PETROL,530
2024,3,England,Motorcycles,BEV,896
2024,3,England,Motorcycles,DIESEL,4
2024,3,England,Motorcycles,PETROL,25275
2024,3,Northern Ireland,Cars,BEV,1622
2024,3,Northern Ireland,Cars,DIESEL,783
2024,3,Northern Ireland,Cars,GAS,12
2024,3,Northern Ireland,Cars,HEV_DIESEL,115
2024,3,Northern Ireland,Cars,HEV_PETROL,4125
2024,3,Northern Ireland,Cars,PETROL,4685
2024,3,Northern Ireland,Cars,PHEV_PETROL,719
2024,3,Northern Ireland,Heavy goods vehicles,BEV,1
2024,3,Northern Ireland,Heavy goods vehicles,DIESEL,332
2024,3,Northern Ireland,Heavy goods vehicles,GAS,1
2024,3,Northern Ireland,Light goods vehicles,BEV,22
2024,3,Northern Ireland,Light goods vehicles,DIESEL,1431
2024,3,Northern Ireland,Light goods vehicles,HEV_DIESEL,1
2024,3,Northern Ireland,Light goods vehicles,HEV_PETROL,4
2024,3,Northern Ireland,Light goods vehicles,PETROL,24
2024,3,Northern Ireland,Motorcycles,BEV,3
2024,3,Northern Ireland,Motorcycles,PETROL,519
2024,3,Scotland,Cars,BEV,5107
2024,3,Scotland,Cars,DIESEL,3008
2024,3,Scotland,Cars,GAS,13
2024,3,Scotland,Cars,HEV_DIESEL,347
2024,3,Scotland,Cars,HEV_PETROL,14273
2024,3,Scotland,Cars,PETROL,20826
2024,3,Scotland,Cars,PHEV_DIESEL,14
2024,3,Scotland,Cars,PHEV_PETROL,2429
2024,3,Scotland,Heavy goods vehicles,BEV,1
2024,3,Scotland,Heavy goods vehicles,DIESEL,959
2024,3,Scotland,Light goods vehicles,BEV,129
2024,3,Scotland,Light goods vehicles,DIESEL,6454
2024,3,Scotland,Light goods vehicles,HEV_PETROL,16
2024,3,Scotland,Light goods vehicles,PETROL,159
2024,3,Scotland,Light goods vehicles,PHEV_PETROL,9
2024,3,Scotland,Motorcycles,BEV,77
2024,3,Scotland,Motorcycles,DIESEL,1
2024,3,Scotland,Motorcycles,PETROL,1729
2024,3,Wales,Cars,BEV,2337
2024,3,Wales,Cars,DIESEL,1083
2024,3,Wales,Cars,GAS,13
2024,3,Wales,Cars,HEV_DIESEL,103
2024,3,Wales,Cars,HEV_PETROL,6322
2024,3,Wales,Cars,PETROL,7636
2024,3,Wales,Cars,PHEV_DIESEL,3
2024,3,Wales,Cars,PHEV_PETROL,811
2024,3,Wales,Heavy goods vehicles,BEV,4
2024,3,Wales,Heavy goods vehicles,DIESEL,356
2024,3,Wales,Heavy goods vehicles,GAS,2
2024,3,Wales,Light goods vehicles,BEV,96
2024,3,Wales,Light goods vehicles,DIESEL,3941
2024,3,Wales,Light goods vehicles,GAS,1
2024,3,Wales,Light goods vehicles,HEV_PETROL,15
2024,3,Wales,Light goods vehicles,PETROL,58
2024,3,Wales,Light goods vehicles,PHEV_PETROL,18
2024,3,Wales,Motorcycles,BEV,33
2024,3,Wales,Motorcycles,PETROL,1579
2024,4,England,Cars,BEV,101665
2024,4,England,Cars,DIESEL,20270
2024,4,England,Cars,GAS,57
2024,4,England,Cars,HEV_DIESEL,3138
2024,4,England,Cars,HEV_PETROL,110874
2024,4,England,Cars,OTHER,2
2024,4,England,Cars,PETROL,115299
2024,4,England,Cars,PHEV_DIESEL,30
2024,4,England,Cars,PHEV_PETROL,37906
2024,4,England,Cars,REEV,2
2024,4,England,Heavy goods vehicles,BEV,55
2024,4,England,Heavy goods vehicles,DIESEL,10255
2024,4,England,Heavy goods vehicles,GAS,375
2024,4,England,Heavy goods vehicles,PETROL,5
2024,4,England,Light goods vehicles,BEV,7508
2024,4,England,Light goods vehicles,DIESEL,65725
2024,4,England,Light goods vehicles,GAS,1
2024,4,England,Light goods vehicles,HEV_DIESEL,3
2024,4,England,Light goods vehicles,HEV_PETROL,510
2024,4,England,Light goods vehicles,OTHER,16
2024,4,England,Light goods vehicles,PETROL,2135
2024,4,England,Light goods vehicles,PHEV_PETROL,1070
2024,4,England,Motorcycles,BEV,704
2024,4,England,Motorcycles,DIESEL,2
2024,4,England,Motorcycles,GAS,1
2024,4,England,Motorcycles,PETROL,24044
2024,4,Northern Ireland,Cars,BEV,1869
2024,4,Northern Ireland,Cars,DIESEL,577
2024,4,Northern Ireland,Cars,GAS,2
2024,4,Northern Ireland,Cars,HEV_DIESEL,82
2024,4,Northern Ireland,Cars,HEV_PETROL,2722
2024,4,Northern Ireland,Cars,PETROL,3868
2024,4,Northern Ireland,Cars,PHEV_PETROL,915
2024,4,Northern Ireland,Heavy goods vehicles,DIESEL,244
2024,4,Northern Ireland,Light goods vehicles,BEV,106
2024,4,Northern Ireland,Light goods vehicles,DIESEL,944
2024,4,Northern Ireland,Light goods vehicles,HEV_PETROL,3
2024,4,Northern Ireland,Light goods vehicles,PETROL,21
2024,4,Northern Ireland,Light goods vehicles,PHEV_PETROL,6
2024,4,Northern Ireland,Motorcycles,BEV,3
2024,4,Northern Ireland,Motorcycles,PETROL,359
2024,4,Scotland,Cars,BEV,5892
2024,4,Scotland,Cars,DIESEL,2086
2024,4,Scotland,Cars,GAS,28
2024,4,Scotland,Cars,HEV_DIESEL,245
2024,4,Scotland,Cars,HEV_PETROL,10931
2024,4,Scotland,Cars,PETROL,13700
2024,4,Scotland,Cars,PHEV_DIESEL,5
2024,4,Scotland,Cars,PHEV_PETROL,2698
2024,4,Scotland,Heavy goods vehicles,BEV,2
2024,4,Scotland,Heavy goods vehicles,DIESEL,835
2024,4,Scotland,Heavy goods vehicles,PETROL,1
2024,4,Scotland,Light goods vehicles,BEV,203
2024,4,Scotland,Light goods vehicles,DIESEL,4558
2024,4,Scotland,Light goods vehicles,HEV_PETROL,27
2024,4,Scotland,Light goods vehicles,PETROL,139
2024,4,Scotland,Light goods vehicles,PHEV_PETROL,74
2024,4,Scotland,Motorcycles,BEV,40
2024,4,Scotland,Motorcycles,PETROL,1295
2024,4,Wales,Cars,BEV,2459
2024,4,Wales,Cars,DIESEL,792
2024,4,Wales,Cars,GAS,16
2024,4,Wales,Cars,HEV_DIESEL,96
2024,4,Wales,Cars,HEV_PETROL,4981
2024,4,Wales,Cars,PETROL,5559
2024,4,Wales,Cars,PHEV_DIESEL,1
2024,4,Wales,Cars,PHEV_PETROL,763
2024,4,Wales,Heavy goods vehicles,BEV,6
2024,4,Wales,Heavy goods vehicles,DIESEL,267
2024,4,Wales,Heavy goods vehicles,GAS,6
2024,4,Wales,Heavy goods vehicles,PETROL,1
2024,4,Wales,Light goods vehicles,BEV,151
2024,4,Wales,Light goods vehicles,DIESEL,2452
2024,4,Wales,Light goods vehicles,HEV_PETROL,3
2024,4,Wales,Light goods vehicles,PETROL,81
2024,4,Wales,Light goods vehicles,PHEV_PETROL,22
2024,4,Wales,Motorcycles,BEV,28
2024,4,Wales,Motorcycles,PETROL,1244
2025,1,England,Cars,BEV,109235
2025,1,England,Cars,DIESEL,26002
2025,1,England,Cars,GAS,45
2025,1,England,Cars,HEV_DIESEL,2317
2025,1,England,Cars,HEV_PETROL,172628
2025,1,England,Cars,HYDROGEN,1
2025,1,England,Cars,OTHER,201
2025,1,England,Cars,PETROL,152649
2025,1,England,Cars,PHEV_DIESEL,102
2025,1,England,Cars,PHEV_PETROL,48659
2025,1,England,Heavy goods vehicles,BEV,104
2025,1,England,Heavy goods vehicles,DIESEL,8529
2025,1,England,Heavy goods vehicles,GAS,282
2025,1,England,Heavy goods vehicles,PETROL,9
2025,1,England,Light goods vehicles,BEV,6729
2025,1,England,Light goods vehicles,DIESEL,63818
2025,1,England,Light goods vehicles,GAS,1
2025,1,England,Light goods vehicles,HEV_PETROL,1489
2025,1,England,Light goods vehicles,OTHER,15
2025,1,England,Light goods vehicles,PETROL,2284
2025,1,England,Light goods vehicles,PHEV_PETROL,1692
2025,1,England,Light goods vehicles,REEV,13
2025,1,England,Motorcycles,BEV,574
2025,1,England,Motorcycles,DIESEL,1
2025,1,England,Motorcycles,PETROL,18899
2025,1,Northern Ireland,Cars,BEV,2338
2025,1,Northern Ireland,Cars,DIESEL,1042
2025,1,Northern Ireland,Cars,GAS,6
2025,1,Northern Ireland,Cars,HEV_DIESEL,98
2025,1,Northern Ireland,Cars,HEV_PETROL,4759
2025,1,Northern Ireland,Cars,OTHER,21
2025,1,Northern Ireland,Cars,PETROL,5337
2025,1,Northern Ireland,Cars,PHEV_DIESEL,2
2025,1,Northern Ireland,Cars,PHEV_PETROL,970
2025,1,Northern Ireland,Heavy goods vehicles,DIESEL,342
2025,1,Northern Ireland,Heavy goods vehicles,GAS,1
2025,1,Northern Ireland,Light goods vehicles,BEV,67
2025,1,Northern Ireland,Light goods vehicles,DIESEL,1944
2025,1,Northern Ireland,Light goods vehicles,HEV_PETROL,94
2025,1,Northern Ireland,Light goods vehicles,PETROL,39
2025,1,Northern Ireland,Light goods vehicles,PHEV_PETROL,27
2025,1,Northern Ireland,Motorcycles,BEV,1
2025,1,Northern Ireland,Motorcycles,PETROL,384
2025,1,Scotland,Cars,BEV,6182
2025,1,Scotland,Cars,DIESEL,2840
2025,1,Scotland,Cars,GAS,12
2025,1,Scotland,Cars,HEV_DIESEL,168
2025,1,Scotland,Cars,HEV_PETROL,15247
2025,1,Scotland,Cars,OTHER,16
2025,1,Scotland,Cars,PETROL,19512
2025,1,Scotland,Cars,PHEV_DIESEL,16
2025,1,Scotland,Cars,PHEV_PETROL,3428
2025,1,Scotland,Heavy goods vehicles,DIESEL,918
2025,1,Scotland,Heavy goods vehicles,GAS,2
2025,1,Scotland,Light goods vehicles,BEV,252
2025,1,Scotland,Light goods vehicles,DIESEL,5836
2025,1,Scotland,Light goods vehicles,HEV_PETROL,189
2025,1,Scotland,Light goods vehicles,PETROL,166
2025,1,Scotland,Light goods vehicles,PHEV_PETROL,116
2025,1,Scotland,Motorcycles,BEV,36
2025,1,Scotland,Motorcycles,PETROL,1293
2025,1,Wales,Cars,BEV,2494
2025,1,Wales,Cars,DIESEL,1055
2025,1,Wales,Cars,GAS,4
2025,1,Wales,Cars,HEV_DIESEL,73
2025,1,Wales,Cars,HEV_PETROL,7138
2025,1,Wales,Cars,OTHER,10
2025,1,Wales,Cars,PETROL,7029
2025,1,Wales,Cars,PHEV_DIESEL,2
2025,1,Wales,Cars,PHEV_PETROL,1096
2025,1,Wales,Heavy goods vehicles,BEV,4
2025,1,Wales,Heavy goods vehicles,DIESEL,304
2025,1,Wales,Heavy goods vehicles,GAS,2
2025,1,Wales,Light goods vehicles,BEV,196
2025,1,Wales,Light goods vehicles,DIESEL,2970
2025,1,Wales,Light goods vehicles,HEV_PETROL,79
2025,1,Wales,Light goods vehicles,PETROL,132
2025,1,Wales,Light goods vehicles,PHEV_PETROL,85
2025,1,Wales,Motorcycles,BEV,24
2025,1,Wales,Motorcycles,PETROL,1111
2025,2,England,Cars,BEV,94755
2025,2,England,Cars,DIESEL,19396
2025,2,England,Cars,GAS,56
2025,2,England,Cars,HEV_DIESEL,1032
2025,2,England,Cars,HEV_PETROL,125534
2025,2,England,Cars,PETROL,116014
2025,2,England,Cars,PHEV_DIESEL,135
2025,2,England,Cars,PHEV_PETROL,48233
2025,2,England,Heavy goods vehicles,BEV,102
2025,2,England,Heavy goods vehicles,DIESEL,9372
2025,2,England,Heavy goods vehicles,GAS,156
2025,2,England,Heavy goods vehicles,PETROL,2
2025,2,England,Light goods vehicles,BEV,5874
2025,2,England,Light goods vehicles,DIESEL,53763
2025,2,England,Light goods vehicles,GAS,1
2025,2,England,Light goods vehicles,HEV_DIESEL,1
2025,2,England,Light goods vehicles,HEV_PETROL,1623
2025,2,England,Light goods vehicles,OTHER,6
2025,2,England,Light goods vehicles,PETROL,1811
2025,2,England,Light goods vehicles,PHEV_PETROL,1701
2025,2,England,Motorcycles,BEV,831
2025,2,England,Motorcycles,DIESEL,3
2025,2,England,Motorcycles,HEV_PETROL,1
2025,2,England,Motorcycles,PETROL,25341
2025,2,Northern Ireland,Cars,BEV,1860
2025,2,Northern Ireland,Cars,DIESEL,693
2025,2,Northern Ireland,Cars,HEV_DIESEL,26
2025,2,Northern Ireland,Cars,HEV_PETROL,3738
2025,2,Northern Ireland,Cars,PETROL,3948
2025,2,Northern Ireland,Cars,PHEV_DIESEL,1
2025,2,Northern Ireland,Cars,PHEV_PETROL,893
2025,2,Northern Ireland,Heavy goods vehicles,DIESEL,396
2025,2,Northern Ireland,Light goods vehicles,BEV,54
2025,2,Northern Ireland,Light goods vehicles,DIESEL,1371
2025,2,Northern Ireland,Light goods vehicles,HEV_PETROL,253
2025,2,Northern Ireland,Light goods vehicles,PETROL,29
2025,2,Northern Ireland,Light goods vehicles,PHEV_PETROL,25
2025,2,Northern Ireland,Motorcycles,BEV,4
2025,2,Northern Ireland,Motorcycles,PETROL,645
2025,2,Scotland,Cars,BEV,5845
2025,2,Scotland,Cars,DIESEL,2008
2025,2,Scotland,Cars,GAS,4
2025,2,Scotland,Cars,HEV_DIESEL,69
2025,2,Scotland,Cars,HEV_PETROL,12734
2025,2,Scotland,Cars,PETROL,17240
2025,2,Scotland,Cars,PHEV_DIESEL,14
2025,2,Scotland,Cars,PHEV_PETROL,3161
2025,2,Scotland,Heavy goods vehicles,BEV,1
2025,2,Scotland,Heavy goods vehicles,DIESEL,852
2025,2,Scotland,Heavy goods vehicles,GAS,10
2025,2,Scotland,Light goods vehicles,BEV,255
2025,2,Scotland,Light goods vehicles,DIESEL,4558
2025,2,Scotland,Light goods vehicles,HEV_PETROL,373
2025,2,Scotland,Light goods vehicles,PETROL,191
2025,2,Scotland,Light goods vehicles,PHEV_PETROL,89
2025,2,Scotland,Motorcycles,BEV,56
2025,2,Scotland,Motorcycles,PETROL,1960
2025,2,Wales,Cars,BEV,2284
2025,2,Wales,Cars,DIESEL,783
2025,2,Wales,Cars,GAS,5
2025,2,Wales,Cars,HEV_DIESEL,36
2025,2,Wales,Cars,HEV_PETROL,5373
2025,2,Wales,Cars,PETROL,5716
2025,2,Wales,Cars,PHEV_DIESEL,6
2025,2,Wales,Cars,PHEV_PETROL,1068
2025,2,Wales,Heavy goods vehicles,BEV,3
2025,2,Wales,Heavy goods vehicles,DIESEL,308
2025,2,Wales,Light goods vehicles,BEV,173
2025,2,Wales,Light goods vehicles,DIESEL,2507
2025,2,Wales,Light goods vehicles,HEV_PETROL,140
2025,2,Wales,Light goods vehicles,OTHER,1
2025,2,Wales,Light goods vehicles,PETROL,96
2025,2,Wales,Light goods vehicles,PHEV_PETROL,71
2025,2,Wales,Motorcycles,BEV,25
2025,2,Wales,Motorcycles,PETROL,1477
2025,3,England,Cars,BEV,112757
2025,3,England,Cars,DIESEL,18747
2025,3,England,Cars,GAS,34
2025,3,England,Cars,HEV_DIESEL,653
2025,3,England,Cars,HEV_DIESEL,653
2025,3,England,Cars,HEV_PETROL,151553
2025,3,England,Cars,HEV_PETROL,151553
2025,3,England,Cars,OTHER,849
2025,3,England,Cars,PETROL,127087
2025,3,England,Cars,PHEV_DIESEL,95
2025,3,England,Cars,PHEV_PETROL,58894
2025,3,England,Heavy goods vehicles,BEV,217
2025,3,England,Heavy goods vehicles,DIESEL,8408
2025,3,England,Heavy goods vehicles,GAS,149
2025,3,England,Heavy goods vehicles,GAS,149
2025,3,England,Heavy goods vehicles,GAS,149
2025,3,England,Heavy goods vehicles,PETROL,7
2025,3,England,Light goods vehicles,BEV,8089
2025,3,England,Light goods vehicles,BEV,8089
2025,3,England,Light goods vehicles,DIESEL,65037
2025,3,England,Light goods vehicles,DIESEL,65037
2025,3,England,Light goods vehicles,DIESEL,65037
2025,3,England,Light goods vehicles,GAS,6
2025,3,England,Light goods vehicles,HEV_PETROL,1263
2025,3,England,Light goods vehicles,OTHER,2
2025,3,England,Light goods vehicles,OTHER,2
2025,3,England,Light goods vehicles,OTHER,2
2025,3,England,Light goods vehicles,PETROL,1751
2025,3,England,Light goods vehicles,PHEV_PETROL,2545
2025,3,England,Light goods vehicles,REEV,2
2025,3,England,Motorcycles,BEV,872
2025,3,England,Motorcycles,DIESEL,1
2025,3,England,Motorcycles,PETROL,24176
2025,3,Northern Ireland,Cars,BEV,2022
2025,3,Northern Ireland,Cars,DIESEL,584
2025,3,Northern Ireland,Cars,DIESEL,584
2025,3,Northern Ireland,Cars,GAS,2
2025,3,Northern Ireland,Cars,GAS,2
2025,3,Northern Ireland,Cars,HEV_DIESEL,17
2025,3,Northern Ireland,Cars,HEV_DIESEL,17
2025,3,Northern Ireland,Cars,HEV_PETROL,3744
2025,3,Northern Ireland,Cars,HEV_PETROL,3744
2025,3,Northern Ireland,Cars,OTHER,12
2025,3,Northern Ireland,Cars,OTHER,12
2025,3,Northern Ireland,Cars,OTHER,12
2025,3,Northern Ireland,Cars,PETROL,3760
2025,3,Northern Ireland,Cars,PHEV_DIESEL,10
2025,3,Northern Ireland,Cars,PHEV_DIESEL,10
2025,3,Northern Ireland,Cars,PHEV_PETROL,897
2025,3,Northern Ireland,Heavy goods vehicles,BEV,1
2025,3,Northern Ireland,Heavy goods vehicles,DIESEL,307
2025,3,Northern Ireland,Heavy goods vehicles,DIESEL,307
2025,3,Northern Ireland,Light goods vehicles,BEV,103
2025,3,Northern Ireland,Light goods vehicles,BEV,103
2025,3,Northern Ireland,Light goods vehicles,DIESEL,1558
2025,3,Northern Ireland,Light goods vehicles,HEV_PETROL,94
2025,3,Northern Ireland,Light goods vehicles,OTHER,1
2025,3,Northern Ireland,Light goods vehicles,PETROL,19
2025,3,Northern Ireland,Light goods vehicles,PHEV_PETROL,18
2025,3,Northern Ireland,Motorcycles,BEV,5
2025,3,Northern Ireland,Motorcycles,BEV,5
2025,3,Northern Ireland,Motorcycles,PETROL,546
2025,3,Scotland,Cars,BEV,6781
2025,3,Scotland,Cars,DIESEL,2320
2025,3,Scotland,Cars,DIESEL,2320
2025,3,Scotland,Cars,GAS,1
2025,3,Scotland,Cars,GAS,1
2025,3,Scotland,Cars,GAS,1
2025,3,Scotland,Cars,HEV_DIESEL,30
2025,3,Scotland,Cars,HEV_PETROL,15945
2025,3,Scotland,Cars,OTHER,60
2025,3,Scotland,Cars,PETROL,18825
2025,3,Scotland,Cars,PHEV_DIESEL,7
2025,3,Scotland,Cars,PHEV_PETROL,4984
2025,3,Scotland,Heavy goods vehicles,BEV,2
2025,3,Scotland,Heavy goods vehicles,DIESEL,782
2025,3,Scotland,Heavy goods vehicles,GAS,3
2025,3,Scotland,Heavy goods vehicles,GAS,3
2025,3,Scotland,Light goods vehicles,BEV,302
2025,3,Scotland,Light goods vehicles,DIESEL,5180
2025,3,Scotland,Light goods vehicles,HEV_PETROL,115
2025,3,Scotland,Light goods vehicles,PETROL,130
2025,3,Scotland,Light goods vehicles,PHEV_PETROL,125
2025,3,Scotland,Motorcycles,BEV,39
2025,3,Scotland,Motorcycles,PETROL,1746
2025,3,Wales,Cars,BEV,2699
2025,3,Wales,Cars,DIESEL,957
2025,3,Wales,Cars,GAS,5
2025,3,Wales,Cars,GAS,5
2025,3,Wales,Cars,HEV_DIESEL,21
2025,3,Wales,Cars,HEV_PETROL,6401
2025,3,Wales,Cars,OTHER,17
2025,3,Wales,Cars,PETROL,6541
2025,3,Wales,Cars,PHEV_DIESEL,3
2025,3,Wales,Cars,PHEV_DIESEL,3
2025,3,Wales,Cars,PHEV_PETROL,1260
2025,3,Wales,Heavy goods vehicles,BEV,6
2025,3,Wales,Heavy goods vehicles,DIESEL,282
2025,3,Wales,Heavy goods vehicles,DIESEL,282
2025,3,Wales,Light goods vehicles,BEV,199
2025,3,Wales,Light goods vehicles,BEV,199
2025,3,Wales,Light goods vehicles,DIESEL,2268
2025,3,Wales,Light goods vehicles,HEV_PETROL,133
2025,3,Wales,Light goods vehicles,PETROL,56
2025,3,Wales,Light goods vehicles,PHEV_PETROL,82
2025,3,Wales,Motorcycles,BEV,43
2025,3,Wales,Motorcycles,DIESEL,1
2025,3,Wales,Motorcycles,DIESEL,1
2025,3,Wales,Motorcycles,PETROL,1441
2025,3,Wales,Motorcycles,PETROL,1441
2025,4,England,Cars,BEV,113675
2025,4,England,Cars,DIESEL,16325
2025,4,England,Cars,GAS,35
2025,4,England,Cars,HEV_DIESEL,538
2025,4,England,Cars,HEV_PETROL,115903
2025,4,England,Cars,OTHER,316
2025,4,England,Cars,PETROL,103948
2025,4,England,Cars,PHEV_DIESEL,112
2025,4,England,Cars,PHEV_PETROL,47066
2025,4,England,Cars,REEV,1
2025,4,England,Heavy goods vehicles,BEV,184
2025,4,England,Heavy goods vehicles,DIESEL,10357
2025,4,England,Heavy goods vehicles,GAS,213
2025,4,England,Heavy goods vehicles,PETROL,2
2025,4,England,Light goods vehicles,BEV,7666
2025,4,England,Light goods vehicles,DIESEL,56163
2025,4,England,Light goods vehicles,GAS,24
2025,4,England,Light goods vehicles,HEV_PETROL,1127
2025,4,England,Light goods vehicles,OTHER,2
2025,4,England,Light goods vehicles,PETROL,1642
2025,4,England,Light goods vehicles,PHEV_PETROL,2867
2025,4,England,Light goods vehicles,REEV,18
2025,4,England,Motorcycles,BEV,658
2025,4,England,Motorcycles,DIESEL,1
2025,4,England,Motorcycles,PETROL,15810
2025,4,Northern Ireland,Cars,BEV,1712
2025,4,Northern Ireland,Cars,DIESEL,401
2025,4,Northern Ireland,Cars,GAS,1
2025,4,Northern Ireland,Cars,HEV_DIESEL,17
2025,4,Northern Ireland,Cars,HEV_PETROL,3056
2025,4,Northern Ireland,Cars,OTHER,7
2025,4,Northern Ireland,Cars,PETROL,3081
2025,4,Northern Ireland,Cars,PHEV_DIESEL,3
2025,4,Northern Ireland,Cars,PHEV_PETROL,671
2025,4,Northern Ireland,Heavy goods vehicles,BEV,2
2025,4,Northern Ireland,Heavy goods vehicles,DIESEL,239
2025,4,Northern Ireland,Heavy goods vehicles,GAS,1
2025,4,Northern Ireland,Light goods vehicles,BEV,80
2025,4,Northern Ireland,Light goods vehicles,DIESEL,1001
2025,4,Northern Ireland,Light goods vehicles,HEV_PETROL,26
2025,4,Northern Ireland,Light goods vehicles,PETROL,18
2025,4,Northern Ireland,Light goods vehicles,PHEV_PETROL,48
2025,4,Northern Ireland,Motorcycles,BEV,2
2025,4,Northern Ireland,Motorcycles,PETROL,326
2025,4,Scotland,Cars,BEV,6027
2025,4,Scotland,Cars,DIESEL,1889
2025,4,Scotland,Cars,GAS,2
2025,4,Scotland,Cars,HEV_DIESEL,43
2025,4,Scotland,Cars,HEV_PETROL,9579
2025,4,Scotland,Cars,OTHER,22
2025,4,Scotland,Cars,PETROL,14238
2025,4,Scotland,Cars,PHEV_DIESEL,6
2025,4,Scotland,Cars,PHEV_PETROL,3547
2025,4,Scotland,Heavy goods vehicles,BEV,6
2025,4,Scotland,Heavy goods vehicles,DIESEL,732
2025,4,Scotland,Heavy goods vehicles,GAS,2
2025,4,Scotland,Light goods vehicles,BEV,201
2025,4,Scotland,Light goods vehicles,DIESEL,3411
2025,4,Scotland,Light goods vehicles,HEV_PETROL,118
2025,4,Scotland,Light goods vehicles,OTHER,1
2025,4,Scotland,Light goods vehicles,PETROL,126
2025,4,Scotland,Light goods vehicles,PHEV_PETROL,166
2025,4,Scotland,Motorcycles,BEV,34
2025,4,Scotland,Motorcycles,PETROL,999
2025,4,Wales,Cars,BEV,2465
2025,4,Wales,Cars,DIESEL,772
2025,4,Wales,Cars,HEV_DIESEL,20
2025,4,Wales,Cars,HEV_PETROL,5286
2025,4,Wales,Cars,OTHER,18
2025,4,Wales,Cars,PETROL,4996
2025,4,Wales,Cars,PHEV_DIESEL,3
2025,4,Wales,Cars,PHEV_PETROL,1212
2025,4,Wales,Heavy goods vehicles,DIESEL,250
2025,4,Wales,Light goods vehicles,BEV,283
2025,4,Wales,Light goods vehicles,DIESEL,2053
2025,4,Wales,Light goods vehicles,HEV_PETROL,65
2025,4,Wales,Light goods vehicles,PETROL,56
2025,4,Wales,Light goods vehicles,PHEV_PETROL,97
2025,4,Wales,Motorcycles,BEV,29
2025,4,Wales,Motorcycles,PETROL,979
